company_type,company
structural,Quilici Engineers
structural,T. A. Johnson
structural,Schneider Eng.
structural,Structrural Design Assoc's.
structural,Schneider Engineering
structural,Popa/Kihlthau
structural,Engineering West
structural,Popa Kihlthau
structural,Miles Engineering
structural,DMc Engineering
structural,Soil Eignieering Construction
structural,Soil Engineering Construction
structural,"Engineering West, Inc"
structural,EYCO Design
structural,abr engineering
structural,abr engineers
structural,Fred Schnieder
structural,Duquette Engineering
structural,Cornerstone Struct. Engineering Group
structural,Guiliani & Kull
structural,Hanna Brunetti
structural,Advanced Engineering
civil,Lea & Sung Engineering
civil,Kier & Wright
civil,
civil,Lee Engineers
architecture,CJW Architecture
architecture,Hoover Associates
architecture,William Young Design
architecture,Suzman & Cole
architecture,Charrette Design Inc
architecture,Landscape Architect
architecture,R. Haro Drafting and Planning
architecture,Holger Menendez
architecture,Larick Alan Hill
architecture,Chapman Design Associates
architecture,Walter V. Guthrie
architecture,SDG Architects
architecture,EYCO Design
architecture,Beausoleil Arch
architecture,Camargo & Assoc.
architecture,MAC Design
architecture,Design Scape
architecture,Rennaissance Design
architecture,Freeman Fong
architecture,Paragon Design Group
architecture,CJW Architects
architecture,Thomas Hacker
architecture,"Cartmell, Tam Architects"
architecture,Mattingly/Thaler Architect
architecture,Hrabko Designs
architecture,Hoag Land Design
architecture,Mehus Construction
architecture,Steven Graves & Assoc
architecture,Tom McNair
architecture,"Architectural Design Structure, Inc."
architecture,Stephen Graves & Assoc
architecture,Louie Lew Architect
architecture,McKay Architecture
architecture,Landry Design
architecture,Quenneville Design
architecture,Steven Graves Assoc
architecture,Terry Martin Assoc.
architecture,Allen De Grange (Architect)
architecture,408 266 3442
architecture,Comargo Arch
architecture,Larrabbee & Assoc Inc
architecture,C.J.W.
architecture,Design Studio Gordana
architecture,Studio Squares Arch.
architecture,Steven Graves
architecture,Paladin Design
architecture,Ron Herman
architecture,Design Matters
architecture,Kohlsaat & Assoc
architecture,Hometec Arch
architecture,Bauer Combs & Assoc
architecture,Residential Design
architecture,Guy Denues Architect
architecture,Arch Works
architecture,Charles Brown
architecture,Equine Facility Design
architecture,Camargo & Associates
architecture,Paladin Design Grp
architecture,(1) 415 235 0158
architecture,Memarie Assoc
architecture,Guy Denues
architecture,Louie Leu
architecture,HCP Architecture
architecture,Kurt Useldinger
architecture,ADG Design Group
architecture,Harrell Remodeling Inc
architecture,John Lien
architecture,Mr. Christopher Grasso
architecture,Marvin Bamburg
legal,Kletz & Moll
legal,"Williams, Romanski, Polverari"
legal,"Korda, Johnson & Wall, LLP"
legal,none
legal,"Burton, Volkmann & Schmal"
legal,"Miller, Stqarr & Regalia"
legal,"Morgan, Franich, Fredkin & Marsh"
legal,"Ritchie, Fisher, Whitman & Klien"
legal,Ben Emmert
legal,"Ritchie, Fisher, Whitman & Klein"
legal,Miller Starr & Regalia
legal,Mullin Law Firm
legal,Law Offices of Graham & Roberts
legal,"Morgan, Franich, et al."
legal,Reynolds Casas & Riley
legal,Law Office of James Paul Green
legal,Henshaw & Culbertson
legal,Abbey Weitzenberg
legal,Law Offices of James Paul Green
legal,"Hoge, Fenton"
legal,Cannistraci Law Firm
legal,Genser & Watkins
legal,Logan & Giles
legal,Ryan & Lefter
legal,"Mitchell, Herzog & Klingsporn, LLP"
legal,Roberts Law Firm
legal,DeKlotz & Guggenheim
legal,"Nossaman, LLP"
legal,Willis Depasquale
legal,Kalfen Law
legal,"Patton, Martin & Sullivan"
